District code,Male,Female,Literate,Total_Power_Parity,Housholds_with_Electric_Lighting,Households_with_Internet,Rural_Households,Urban_Households,State,District,Latitude,Longitude
4,77785,63017,86236,214,15824,235,40370,7774,Jammu and Kashmir,Kargil,33.565994894894914,76.63675315315312
5,251899,224936,261724,629,62900,346,132139,15269,Jammu and Kashmir,Punch,33.791241290322574,74.29593161290322
7,326109,290326,389204,936,109422,1443,181374,33473,Jammu and Kashmir,Kathua,32.51781678321678,75.58901398601404
10,651124,585705,748584,3099,165403,16413,4518,257721,Jammu and Kashmir,Srinagar,34.27312898550724,75.11021159420288
12,293064,267376,293958,1068,73629,1537,147520,21703,Jammu and Kashmir,Pulwama,33.88414418604652,75.00921860465118
16,213641,196295,219083,1103,61831,596,122267,11350,Jammu and Kashmir,Doda,33.359614675767915,76.07163720136518
19,296784,258201,322354,1278,73999,1214,148664,34696,Jammu and Kashmir,Udhampur,33.04770670731707,75.15286951219511
21,813821,716137,1137135,3525,294739,19905,254566,248043,Jammu and Kashmir,Jammu,32.713199095022645,74.8477520361991
23,261320,257760,323842,950,96082,1615,186395,13836,Himachal Pradesh,Chamba,32.66741814595661,76.39354063116366
24,750591,759484,1152640,2878,330081,8053,588321,39007,Himachal Pradesh,Kangra,32.14093603238864,76.41205910931173
26,225452,212451,307672,854,91322,2623,167995,20709,Himachal Pradesh,Kullu,31.90911922077925,77.40922649350647
27,498065,501712,723747,1842,214491,5333,431129,31696,Himachal Pradesh,Mandi,31.635805940594054,76.96556930693067
28,217070,237698,358091,878,104120,2521,196116,15232,Himachal Pradesh,Hamirpur,31.67668481012659,76.49767088607594
28,217070,237698,358091,878,104120,2521,196116,15232,Uttar Pradesh,Hamirpur,25.738158381502892,79.82619479768789
168,593537,510748,653299,1291,55929,1196,256081,55300,Himachal Pradesh,Hamirpur,31.67668481012659,76.49767088607594
168,593537,510748,653299,1291,55929,1196,256081,55300,Uttar Pradesh,Hamirpur,25.738158381502892,79.82619479768789
29,263692,257481,399715,987,105929,2412,185091,20126,Himachal Pradesh,Una,31.58330388349513,76.18353932038836
30,192764,189192,287620,3666,79146,1574,152458,11987,Chhattisgarh,Bilaspur,22.356942982456143,81.99770350877188
30,192764,189192,287620,3666,79146,1574,152458,11987,Himachal Pradesh,Bilaspur,31.3780422907489,76.65316079295157
406,1351574,1312055,1596560,2981,519704,8566,549632,188174,Chhattisgarh,Bilaspur,22.356942982456143,81.99770350877188
406,1351574,1312055,1596560,2981,519704,8566,549632,188174,Himachal Pradesh,Bilaspur,31.3780422907489,76.65316079295157
31,308754,271566,428578,1253,119866,5250,192787,51509,Himachal Pradesh,Solan,31.03864311926604,76.94442140672783
32,276289,253566,362645,930,91509,2220,171102,21054,Himachal Pradesh,Sirmaur,30.682764453961443,77.43184689507493
33,425039,388971,612642,1668,172754,9177,279269,95896,Himachal Pradesh,Shimla,31.155725451807253,77.62573042168668
34,46249,37872,60699,181,17865,354,44514,0,Himachal Pradesh,Kinnaur,31.60667184065933,78.51613736263741
35,1212617,1085706,1634719,5982,411216,14428,420860,185488,Punjab,Gurdaspur,32.04283371212125,75.3204064393939
36,426311,388857,576567,2472,161206,9732,165433,95770,Punjab,Kapurthala,31.336592638036837,75.47641165644177
37,1145211,1048379,1622537,6883,446200,39082,330339,377791,Punjab,Jalandhar,31.250336907216507,75.54400350515463
38,809057,777568,1199699,4305,319930,13747,422673,128592,Punjab,Hoshiarpur,31.55157169811319,75.8469857442349
40,320795,279368,426033,1640,113683,5138,117559,57337,Punjab,Fatehgarh Sahib,30.64290947368421,76.36208394736842
41,1867816,1630923,2560225,10593,703624,58589,395032,641789,Punjab,Ludhiana,30.76596397379912,75.83110851528383
42,525920,469826,627889,2774,183396,7897,214295,74144,Punjab,Moga,30.756540067340065,75.1600845117845
43,1071637,957437,1227511,4283,349662,10042,348522,153868,Punjab,Firozpur,30.63407535211269,74.40245732394365
44,475622,426274,524848,2025,166585,4571,149507,74650,Punjab,Muktsar,30.31243303303303,74.5518747747748
45,326671,290837,381285,1540,113549,4348,99946,58917,Punjab,Faridkot,30.591187250996025,74.79751553784862
46,743197,645328,844868,3365,255650,11284,218159,137563,Punjab,Bathinda,30.190524611973352,75.05685898004438
47,408732,361019,423560,1694,140099,2673,145603,50786,Punjab,Mansa,29.919547714285724,75.4304922857143
48,1002522,893164,1266791,5679,352929,24274,299279,218090,Punjab,Patiala,30.214540380693364,76.27505893949697
49,1318408,1172248,1684770,6979,461231,29961,275477,385476,Punjab,Amritsar,31.548679820627772,74.79883856502238
51,357485,327142,502731,2034,129123,6600,148162,60537,Punjab,Rupnagar,30.910937330754347,76.53743500967126
53,878029,777140,1002077,3943,305557,10736,292156,156788,Punjab,Sangrur,30.185045204336895,75.89437014178496
55,580663,474787,805438,34145,231204,44283,8911,289456,Chandigarh,Chandigarh,30.7426,76.75872465753424
56,168597,161489,215126,356,52621,602,112148,9061,Uttaranchal,Uttarkashi,30.968958552036234,78.56880615384617
57,193991,197614,280556,467,71524,899,163434,22906,Uttaranchal,Chamoli,30.58338611464965,79.56281095541402
59,297986,320945,407994,743,117239,1366,227059,27177,Uttaranchal,Tehri Garhwal,30.463700918635173,78.48783792650917
62,239306,244133,345550,631,95421,1344,183687,26256,Uttaranchal,Pithoragarh,30.14720631868129,80.34229230769236
63,124326,135572,179483,281,47083,435,96031,3880,Uttaranchal,Bageshwar,29.98703393393397,79.83954354354357
64,291081,331425,436497,742,109876,1830,260056,21082,Uttaranchal,Almora,29.683532133676103,79.50165064267351
65,131125,128523,177726,309,37725,548,85202,12839,Uttaranchal,Champawat,29.29142393939393,80.07720212121217
67,858783,790119,1037839,1805,254802,7883,269406,145253,Uttaranchal,Udham Singh Nagar,29.02779577677222,79.45629004524895
69,299679,261614,405318,1445,103455,18615,70895,93656,Haryana,Panchkula,30.700897142857134,76.97173238095236
70,598703,529647,818025,2781,199681,12899,175365,139891,Haryana,Ambala,30.3503672316384,76.94970310734456
72,510976,453679,646893,2137,171908,7356,203553,88268,Haryana,Kurukshetra,30.05652659846548,76.78774680306903
73,571003,503301,646529,2046,187349,3724,231091,75696,Haryana,Kaithal,29.96068539094649,76.37698930041155
74,797712,707612,978013,3368,267223,11163,292682,135920,Haryana,Karnal,29.703200647249204,76.87488025889972
75,646857,558580,786599,2559,209965,10024,173502,153804,Haryana,Panipat,29.34352134146342,76.92895914634147
77,713006,621146,832758,2674,222462,5263,278335,89665,Haryana,Jind,29.45149821958457,76.29598575667653
78,495360,446651,557578,1854,153301,3210,203020,55360,Haryana,Fatehabad,29.57298318584072,75.54608716814157
79,682582,612607,782897,2681,215527,6287,245476,93316,Haryana,Sirsa,29.63583446327684,74.90970480225988
80,931562,812369,1114311,3642,285004,10132,302013,154113,Haryana,Hisar,29.23628731117825,75.84324682779452
81,866672,767773,1069871,3349,266244,5292,357047,99235,Haryana,Bhiwani,28.728868064516128,76.02110225806452
82,568479,492725,747582,2299,193120,8482,175203,131739,Haryana,Rohtak,28.892517647058817,76.53123235294117
83,514667,443738,676091,2169,168558,5034,211816,78328,Haryana,Jhajjar,28.59651868131869,76.61137142857145
84,486665,435423,630255,1894,135455,2624,223726,44216,Haryana,Mahendragarh,28.1352161458333,76.14018072916659
85,474335,425997,636947,1979,152651,5121,199449,69305,Haryana,Rewari,28.19164714828897,76.55956007604564
86,816690,697742,1111116,3107,305751,67087,141703,381988,Haryana,Gurgaon,28.043894789579163,77.01935130260523
88,966110,843623,1272739,5080,333171,43437,87700,382981,Haryana,Faridabad,28.14873109756098,77.32718536585368
93,907500,801846,1352998,7151,352758,80037,1086,461132,Sikkim,East,27.29600352941175,88.74908392156858
99,1043340,925828,1193343,3332,283142,6295,397697,164897,Rajasthan,Ganganagar,29.256785412667963,73.56192303262948
100,931184,843508,1034136,2709,243163,3360,389059,108694,Rajasthan,Hanumangarh,29.1813351791531,74.74632573289902
101,1240801,1123136,1278801,3411,220793,7607,335754,196179,Rajasthan,Bikaner,28.12489068322981,73.26943322981371
102,1051446,988101,1149269,3361,231696,2577,344897,148996,Rajasthan,Churu,28.29330375536484,74.65846427038629
103,1095896,1041149,1370360,3300,297559,4828,500452,150357,Rajasthan,Jhunjhunun,28.13517401247401,75.52840893970894
104,1939026,1735153,2182476,5732,485723,9750,782294,212967,Rajasthan,Alwar,27.55271738035265,76.65359630562563
105,1355726,1192736,1480869,3699,288723,4179,479437,129697,Rajasthan,Bharatpur,27.32411858037578,77.21752077244258
106,653647,552869,683098,1641,96086,1330,214670,58626,Rajasthan,Dhaulpur,26.72397054945053,77.74476219780222
107,783639,674609,805849,1987,132079,1059,305047,59308,Rajasthan,Karauli,26.51901555555556,76.96081818181815
108,704031,631520,741748,1900,140947,1887,282057,71264,Rajasthan,Sawai Madhopur,26.251081180223288,76.4219283891548
109,857787,776622,938051,2286,195277,1719,361084,59610,Rajasthan,Dausa,26.91234817629181,76.57342097264443
110,3468507,3157671,4300965,12219,990085,76565,754841,977838,Rajasthan,Jaipur,27.033459290187885,75.77117286012533
111,1374990,1302343,1652117,4033,339457,5647,527560,178274,Rajasthan,Sikar,27.64644058641976,75.29317422839503
112,1696325,1611418,1758624,4863,347344,4449,675712,166489,Rajasthan,Nagaur,27.07862016048146,74.14215667001012
113,1923928,1763237,2031532,5708,408808,19335,584215,307442,Rajasthan,Jodhpur,26.678460838536967,73.00450847457628
114,361708,308211,308653,986,43141,754,159117,30830,Rajasthan,Jaisalmer,26.86900838548185,71.18371877346682
115,1369022,1234729,1188322,3437,126494,2766,542825,55980,Rajasthan,Barmer,25.77070908045978,71.50297126436782
116,936634,892096,829582,2470,161845,1585,419216,48202,Rajasthan,Jalor,25.07578093797277,72.18647261724662
117,534231,502115,476806,1621,134089,2146,238535,69639,Rajasthan,Sirohi,24.7976905263158,72.75309131578943
118,1025422,1012151,1085693,3317,326793,4043,512909,139808,Rajasthan,Pali,25.80490393541874,73.55285640766907
119,1324085,1258967,1526673,4339,393498,13499,409335,274919,Rajasthan,Ajmer,26.199300378787903,74.6990419191919
120,728136,693190,749659,2145,158264,1908,298911,81755,Rajasthan,Tonk,26.153935071707927,75.79192216427637
121,577160,533746,585044,1723,136969,1392,239836,63452,Rajasthan,Bundi,25.48580716049379,75.79984074074079
122,1220736,1187787,1256126,3694,373644,6207,530015,145865,Rajasthan,Bhilwara,25.45119767759564,74.63947595628417
123,581339,575258,619139,1821,193276,1989,304622,61054,Rajasthan,Rajsamand,25.24894767441859,73.96570215946844
124,696532,692020,681591,2030,141275,1477,322816,31547,Rajasthan,Dungarpur,23.75104807692308,73.84765641025645
125,907754,889731,829343,2734,120603,2324,390437,39407,Rajasthan,Banswara,23.453642032967014,74.44246868131869
126,783171,761167,821825,3238,268172,4941,366780,88873,Rajasthan,Chittaurgarh,24.631623761665463,74.80010997846382
127,1021161,929853,1298345,3394,339899,12843,203454,311735,Rajasthan,Kota,25.175718080000014,76.18618928000001
128,633945,588810,693307,1741,161310,1363,249184,69804,Rajasthan,Baran,24.98023243243244,76.86210651828291
129,725143,685986,739792,1962,220428,1750,298624,63763,Rajasthan,Jhalawar,24.24725541474657,76.11242891705065
130,1566801,1501619,1582629,5101,357846,14211,665449,182769,Rajasthan,Udaipur,24.44076752136749,73.84029839743584
131,437744,430104,401515,2829,71612,716,209813,24269,Uttar Pradesh,Pratapgarh,25.864842731707316,81.93530048780492
173,1606085,1603056,1931559,3639,140538,5149,711085,41701,Uttar Pradesh,Pratapgarh,25.864842731707316,81.93530048780492
132,1834106,1632276,2077108,4029,404499,9699,605082,284156,Uttar Pradesh,Saharanpur,30.03381165217392,77.59905147826095
133,2193434,1950078,2417339,4871,368153,10077,673746,296104,Uttar Pradesh,Muzaffarnagar,29.470507977736563,77.64017847866423
134,1921215,1761498,2135393,4310,268353,7303,683875,224648,Uttar Pradesh,Bijnor,29.313974259681096,78.45098815489754
135,2503186,2268820,2263848,5452,281758,11690,692398,355518,Uttar Pradesh,Moradabad,28.851770406189537,78.73580193423597
136,1223889,1111930,1043666,2545,131112,3847,396775,143217,Uttar Pradesh,Rampur,28.83244727272725,79.10977333333337
137,963449,876772,983110,2074,89329,2825,335888,115486,Uttar Pradesh,Jyotiba Phule Nagar,28.870498984771597,78.39009365482241
138,1825743,1617946,2141488,4953,425624,23717,381520,422303,Uttar Pradesh,Meerut,29.02957625698323,77.80611005586593
139,700070,602978,797970,1514,119121,2989,246055,69991,Uttar Pradesh,Baghpat,29.045793499999988,77.30266300000001
140,2488834,2192811,3123264,5946,695130,78116,355407,836316,Uttar Pradesh,Ghaziabad,28.74997308584685,77.67441879350343
141,890214,757901,1122947,2578,257586,53181,170835,338935,Uttar Pradesh,Gautam Buddha Nagar,28.393311038961038,77.52462467532465
142,1845260,1653911,2031656,4534,223922,7865,658449,221628,Uttar Pradesh,Bulandshahr,28.34875862068968,78.01082758620684
143,1951996,1721893,2092567,4290,268120,13634,582117,275942,Uttar Pradesh,Aligarh,27.93748576850093,78.00146831119557
145,1367125,1180059,1507746,3025,281239,8726,407488,177802,Uttar Pradesh,Mathura,27.59390432801821,77.62153416856502
146,2364953,2053844,2680510,5982,536402,27183,496971,406852,Uttar Pradesh,Agra,26.99512974910393,78.05278291517321
147,1332046,1166110,1521806,2940,196080,5834,349747,185621,Uttar Pradesh,Firozabad,27.20963993055552,78.42660624999998
148,993377,875152,1203885,1998,79022,2642,338475,72783,Uttar Pradesh,Mainpuri,27.17386862302482,79.03501851015807
150,2357665,2090694,2191759,5126,272830,15164,631613,362798,Uttar Pradesh,Bareilly,28.51101940789474,79.43187072368416
151,1072002,959005,1061095,2125,83006,2870,371752,89638,Uttar Pradesh,Pilibhit,28.52024175035868,79.90103974175037
152,1606403,1400135,1490930,3441,115163,3889,520289,134714,Uttar Pradesh,Shahjahanpur,27.991389350649328,79.8302275324675
154,2375264,2108728,2283733,4535,102040,3874,827583,111319,Uttar Pradesh,Sitapur,27.501995963091108,80.85288881199547
155,2191442,1901403,2221601,4209,95508,3845,786613,121064,Uttar Pradesh,Hardoi,27.337409090909137,80.26411767676768
156,1630087,1478280,1773584,3620,99466,3476,596317,121039,Uttar Pradesh,Unnao,26.63163990895297,80.636773292868
157,2394476,2195362,3127260,7486,582769,68506,344155,717566,Uttar Pradesh,Lucknow,26.838233589251463,80.89706026871404
158,1752542,1653017,1965843,3812,247856,5184,705025,73393,Uttar Pradesh,Rae Bareli,26.253902840059787,81.22260463378181
159,1006240,878964,1092677,2058,88081,2624,316647,94843,Uttar Pradesh,Farrukhabad,27.45063297872342,79.4406284574468
160,881776,774840,1017087,1730,61491,2488,299785,65985,Uttar Pradesh,Kannauj,26.993988617886185,79.64437940379408
161,845856,735954,1062003,1825,113098,2964,265643,85483,Uttar Pradesh,Etawah,26.78817670157068,79.07621806282728
162,740040,639505,930836,1510,65479,2404,255836,58438,Uttar Pradesh,Auraiya,26.66892394014961,79.42637057356607
163,963255,832929,1170243,2056,49753,2682,363933,41323,Uttar Pradesh,Kanpur Dehat,26.43047641196011,79.98710083056478
165,906092,783882,1075196,1906,104176,2217,304856,91565,Uttar Pradesh,Jalaun,26.067954587155988,79.36686911314993
166,1057436,941167,1304513,2651,183340,8517,309592,195321,Uttar Pradesh,Jhansi,25.45581535234902,78.89954580536917
167,641011,580581,641191,1287,77082,1079,258013,43819,Uttar Pradesh,Lalitpur,24.58877161016945,78.60082330508473
169,466358,409600,488106,904,42936,1316,198298,48525,Uttar Pradesh,Mahoba,25.34529670138888,79.67863003472216
170,965876,833534,1002937,1949,73522,1655,378056,67569,Uttar Pradesh,Banda,25.351885902503284,80.52487391304344
171,527721,464009,531072,1019,41046,827,207237,23558,Uttar Pradesh,Chitrakoot,25.159924623803,81.07666087551297
172,1384722,1248011,1512166,2868,75263,3385,558807,77733,Uttar Pradesh,Fatehpur,25.8374362030905,80.85416203090509
174,838485,761111,813424,1645,43753,1503,349856,30764,Uttar Pradesh,Kaushambi,25.53587532051282,81.41811282051287
175,3131807,2822584,3665727,7224,391542,24122,983266,265304,Uttar Pradesh,Allahabad,25.392038662316445,82.05172446982063
176,1707073,1553626,1692458,3230,108116,3159,635840,79068,Uttar Pradesh,Bara Banki,26.922777025232424,81.35762350597606
177,1259628,1211368,1450901,2985,127754,4746,510378,79288,Uttar Pradesh,Faizabad,26.60589185185181,82.00783530864202
178,1212410,1185478,1486939,2797,99581,2509,501559,65031,Uttar Pradesh,Ambedkar Nagar,26.39119025974028,82.68282142857147
179,1914586,1882531,2239902,4190,233701,5956,839737,49891,Uttar Pradesh,Sultanpur,26.2846386419753,82.05710456790123
180,1843884,1643847,1398368,3060,85814,2681,698520,61742,Uttar Pradesh,Bahraich,27.691776300578027,81.46779783237004
182,1114721,1033944,868357,2174,57400,1551,410070,35768,Uttar Pradesh,Balrampur,27.449076537911324,82.47158326180256
183,1787146,1646773,1679994,3614,104084,4313,673578,52794,Uttar Pradesh,Gonda,27.157215552099505,82.0226888024882
185,1255272,1209192,1393783,2775,108101,3423,513960,31065,Uttar Pradesh,Basti,26.833880454545447,82.69790590909092
186,869656,845527,954949,1850,79525,2031,324972,27179,Uttar Pradesh,Sant Kabir Nagar,26.791596516393444,83.0387764344262
188,2277777,2163118,2700328,5455,296619,14597,761958,189170,Uttar Pradesh,Gorakhpur,26.63315886792452,83.3549560377358
189,1818055,1746489,1954820,3704,127331,3486,742324,42775,Uttar Pradesh,Kushinagar,26.892530675909864,83.92261542461007
190,1537436,1563510,1875239,3643,150001,4469,597778,67928,Uttar Pradesh,Deoria,26.42218856548857,83.8244070686071
191,2285004,2328909,2771917,5419,183381,6652,891024,80434,Uttar Pradesh,Azamgarh,26.008290954773837,83.01220251256285
192,1114709,1091259,1363044,2693,149908,2656,352207,99321,Uttar Pradesh,Mau,26.01082203791469,83.50582654028433
193,1672902,1566872,1963590,3634,119972,4672,564927,64454,Uttar Pradesh,Ballia,25.86075638297873,84.03651978723408
194,2220465,2273739,2731677,5261,181467,8002,926088,80582,Uttar Pradesh,Jaunpur,25.70141280913127,82.54315351934063
195,1855075,1765193,2197549,4079,105767,5309,700173,61467,Uttar Pradesh,Ghazipur,25.624724775583484,83.5360854578097
196,1017905,934851,1174606,2183,99602,3492,344937,50822,Uttar Pradesh,Chandauli,25.1180859611231,83.25307062634984
197,1921857,1754984,2403903,5059,336056,19214,438935,316129,Uttar Pradesh,Varanasi,25.36057088888889,82.82529666666672
199,1312302,1184668,1428683,2875,145997,4447,465152,77963,Uttar Pradesh,Mirzapur,25.10207959183675,82.60126628571429
200,971344,891215,985708,2337,95582,5149,337048,91040,Uttar Pradesh,Sonbhadra,24.46693268858798,83.06816324951639
201,947339,827141,1055202,3461,69591,2635,334246,67752,Uttar Pradesh,Etah,27.591155309734443,78.70021858407083
203,2061110,1873932,1759481,3181,57546,3495,839514,96620,Bihar,Pashchim Champaran,27.16064352201258,84.30265911949685
204,2681209,2418162,2276957,4098,74979,7719,1142260,101565,Bihar,Purba Champaran,26.68129336734693,85.00382155612242
205,346673,309573,283698,489,10004,478,158484,7516,Bihar,Sheohar,26.458380748663107,85.29539411764709
206,1803252,1620322,1436794,2679,66263,3460,807294,49670,Bihar,Sitamarhi,26.56570069686413,85.61172491289203
207,2329313,2158066,2155338,3520,113281,5319,1047552,41234,Bihar,Madhubani,26.41380538172716,86.16328360450552
208,1155283,1073793,1033283,1836,51028,1845,572287,27815,Bihar,Supaul,26.28157893772896,86.78496465201461
209,1463333,1348236,1195768,2035,43290,2561,659061,44213,Bihar,Araria,26.211528119180603,87.30766554934816
210,866970,823430,745056,1347,58718,1093,401793,43357,Bihar,Kishanganj,26.324336758321294,87.95045007235886
211,1699370,1565249,1332326,2641,86058,4170,712847,85749,Bihar,Purnia,25.81714801901739,87.40447606973065
212,1600430,1470599,1280190,2516,60900,2941,668232,69838,Bihar,Katihar,25.56565356037151,87.70466083591326
213,1047559,954203,834577,1494,23236,1397,486278,24000,Bihar,Madhepura,25.77341929460581,86.8978443983403
214,997174,903487,804996,1582,41342,1668,432651,38046,Bihar,Saharsa,25.821270696721303,86.54670819672135
215,2059949,1877436,1816634,3514,127442,6280,907174,95539,Bihar,Darbhanga,26.146187719298258,85.97387352472099
216,2527497,2273565,2509232,4105,180651,10290,998694,120700,Bihar,Muzaffarpur,26.18664417177915,85.32745092024543
217,1267666,1294346,1382998,2370,69375,3707,515925,38133,Bihar,Gopalganj,26.44874364161851,84.34636127167629
218,1675090,1655374,1930175,3014,52935,3834,632514,41858,Bihar,Siwan,26.1736372013652,84.33766552901022
219,2022821,1929041,2157454,3667,94787,4509,701323,76299,Bihar,Saran,25.89656077844312,84.82266287425155
220,1844535,1650486,1926740,2930,70001,4810,699317,51494,Bihar,Vaishali,25.8134703180212,85.39247597173153
221,2230003,2031563,2142880,3500,88021,5379,1012979,43486,Bihar,Samastipur,25.793205563909765,85.94833323308269
222,1567660,1402881,1548673,2354,120373,4644,594377,139248,Bihar,Begusarai,25.54302613168723,86.12560144032932
223,883786,783100,768028,1254,40641,1580,373696,21007,Bihar,Khagaria,25.53558891454964,86.56593256351037
224,1615663,1422103,1573066,2814,174534,6764,522527,130634,Bihar,Bhagalpur,25.277192885375477,87.04213814229242
225,1067140,967623,965321,1738,62359,1704,425604,18492,Bihar,Banka,24.832355642023337,86.8664916342413
226,729041,638724,801817,1424,90461,2653,222281,85782,Bihar,Munger,25.198537962962963,86.54173672839504
227,526345,474567,507270,904,44491,1186,175882,31763,Bihar,Lakhisarai,25.183449321266963,86.12825701357468
228,329743,306599,328676,565,20065,631,108293,24345,Bihar,Sheikhpura,25.12472436548223,85.77839390862943
229,1497060,1380593,1519933,2578,101378,4156,514141,102522,Bihar,Nalanda,25.229345508982053,85.48053113772461
230,3078512,2759953,3459679,7065,546859,40692,657991,552103,Bihar,Patna,25.40297114503818,85.3198433587787
231,1430380,1298027,1599151,2600,62153,3661,434559,77368,Bihar,Bhojpur,25.50666439393939,84.49407803030304
232,887977,818375,989807,1556,46760,1784,299252,35405,Bihar,Buxar,25.48593018867924,84.08808081760995
234,1543546,1416372,1799832,1555,114893,4594,512383,95678,Bihar,Rohtas,24.99170460829495,83.9350762672811
235,1318684,1221389,1466002,2215,44456,2362,428291,49006,Bihar,Aurangabad,24.774291867469877,84.45986024096379
235,1318684,1221389,1466002,2215,44456,2362,428291,49006,Maharashtra,Aurangabad,20.0979228832952,75.32072196796334
515,1924469,1776813,2503837,8119,589477,23258,551789,427343,Bihar,Aurangabad,24.774291867469877,84.45986024096379
515,1924469,1776813,2503837,8119,589477,23258,551789,427343,Maharashtra,Aurangabad,20.0979228832952,75.32072196796334
236,2266566,2124852,2297613,3998,112617,6856,696289,111282,Bihar,Gaya,24.7266541547278,84.94291217765044
237,1144668,1074478,1091012,1924,31162,1841,379551,45323,Bihar,Nawada,24.825708836206903,85.61594568965519
238,916064,844341,858588,1516,32633,1839,325909,30851,Bihar,Jamui,24.78418380462726,86.26316298200514
239,585582,539731,618881,960,27641,1106,186660,28132,Bihar,Jehanabad,25.155679045643165,84.9208124481328
245,29151,20826,26073,348,8635,96,10730,2452,Arunachal Pradesh,Tawang,27.680683962264148,91.82504245283016
246,46155,37792,48492,348,14188,202,17889,6306,Arunachal Pradesh,West Kameng,27.46486582278483,92.65015750452083
247,38775,39915,38449,348,5318,57,14503,5215,Arunachal Pradesh,East Kameng,27.371194055944056,93.04741486013997
248,89182,87391,121048,644,30539,2477,20308,30180,Arunachal Pradesh,Papum Pare,27.273529716981127,93.54468183962264
249,41758,41690,45278,348,5373,139,14542,4672,Arunachal Pradesh,Upper Subansiri,28.277196566523585,93.8991435622318
250,58168,54106,64746,348,14204,303,22272,8503,Arunachal Pradesh,West Siang,28.106296920289843,94.53510344202908
251,50116,49098,62576,644,14231,450,19497,9524,Arunachal Pradesh,East Siang,28.15382352941176,95.06499226006191
252,18699,16621,18195,348,6198,97,8569,2182,Arunachal Pradesh,Upper Siang,28.8309244897959,95.00155765306124
253,76948,71278,73174,348,14593,170,33422,6498,Arunachal Pradesh,Changlang,27.36048479338845,96.37552644628106
254,57604,54371,47974,348,16026,98,18420,6500,Arunachal Pradesh,Tirap,26.94406229508198,95.41470327868862
255,41843,41187,54057,348,12493,381,18112,5365,Arunachal Pradesh,Lower Subansiri,27.70849297297297,93.96226108108112
256,45318,46758,36606,348,3911,95,18603,1092,Arunachal Pradesh,Kurung Kumey,28.04853351800553,93.24531994459834
258,28053,26027,31849,348,5932,207,12000,3950,Arunachal Pradesh,Lower Dibang Valley,28.32651730103806,95.76567335640142
259,76221,69505,83062,348,17157,312,33599,11372,Arunachal Pradesh,Lohit,27.946785273972623,96.59670770547945
261,131753,118507,119626,381,14398,178,43607,7415,Nagaland,Mon,26.69207374301676,95.03072988826828
262,101092,93530,159494,346,40154,537,37536,17742,Nagaland,Mokokchung,26.478911764705888,94.522426006192
263,71217,69540,102881,275,28846,261,31267,6044,Nagaland,Zunheboto,26.028178205128206,94.50026666666668
264,84505,81838,128208,359,25268,198,38499,8170,Nagaland,Wokha,26.202611551155112,94.1990815181518
265,197394,181417,278037,866,71413,3303,49116,62853,Nagaland,Dimapur,25.814176811594223,93.75074057971014
266,83743,79675,105893,219,36182,170,38903,7295,Nagaland,Phek,25.63272986577182,94.56814563758392
267,101933,94663,117511,228,24998,155,40690,9451,Nagaland,Tuensang,26.21104453280316,94.85809880715708
270,138966,129022,197489,677,50724,1928,31845,44255,Nagaland,Kohima,25.60311428571428,93.78600657596373
272,247323,231825,264477,823,22798,256,38008,1826,Manipur,Senapati,25.08465586034914,94.03366234413956
273,72371,68280,85006,90,11541,125,23982,4119,Manipur,Tamenglong,24.98312942238265,93.49450740072204
274,138820,135323,195935,327,29894,837,52972,4853,Manipur,Churachandpur,24.30309718875504,93.38671506024085
275,118782,118617,156333,226,34364,676,34977,21172,Manipur,Bishnupur,24.50712111801243,93.8246236024845
276,210845,211323,269304,539,49507,880,65961,38302,Manipur,Thoubal,24.545392553191498,93.97959893617023
279,94718,89280,129829,79,14026,276,36084,5806,Manipur,Ukhrul,25.05900314960629,94.44129566929138
280,74579,69603,90302,250,18764,184,30377,3783,Manipur,Chandel,24.2635812987013,94.09443844155844
281,44828,41536,60191,94,12158,90,16726,4129,Mizoram,Mamit,23.73852942502819,92.4330803833147
282,42918,41037,65895,142,14853,367,9669,12507,Mizoram,Kolasib,24.2020004347826,92.73470391304348
283,199270,201039,340595,963,79804,4019,20570,80341,Mizoram,Aizawl,23.90781335453101,92.85359459459472
284,63388,62357,100802,187,23948,186,18395,12717,Mizoram,Champhai,23.54166580976866,93.24221799485862
285,32851,32086,54476,118,12315,131,7472,8018,Mizoram,Serchhip,23.263864705882344,92.914158496732
286,82891,78537,121122,274,26394,482,21479,17315,Mizoram,Lunglei,23.007717036172675,92.63512555425892
287,60599,57295,62861,242,9283,162,21993,5273,Mizoram,Lawngtlai,22.36102843137253,92.66964156862753
288,28594,27980,42233,88,7400,168,7043,5784,Mizoram,Saiha,22.35744801061008,93.02827931034489
289,879428,846311,1361354,2817,314567,6394,289621,217016,Tripura,West Tripura,23.780166241299337,91.41310788863107
290,447544,428457,646810,1118,133744,948,219171,44906,Tripura,South Tripura,23.211874098057383,91.6065807585568
291,194544,183686,276217,455,46875,273,89457,14071,Tripura,Dhalai,23.781360477941163,91.94654283088232
292,352860,341087,520402,848,81601,997,150437,42184,Tripura,North Tripura,24.121739755351683,92.17842538226292
293,324159,319132,358702,791,51301,1630,139351,18594,Meghalaya,West Garo Hills,25.495285185185185,90.03709947089942
294,161223,156694,192147,450,24550,288,62698,11518,Meghalaya,East Garo Hills,25.82728228228228,90.64684924924916
295,73170,69164,82062,139,10940,179,35930,3713,Meghalaya,South Garo Hills,25.240568578553614,90.64560349127176
296,193715,189746,230678,479,32873,149,74832,12299,Meghalaya,West Khasi Hills,25.500889926739926,91.25364542124538
298,410749,415173,578030,1456,135941,5032,106248,108843,Meghalaya,East Khasi Hills,25.303763888888884,91.75922519841272
299,196285,198839,187527,528,41677,510,76546,7171,Meghalaya,Jaintia Hills,25.33959557069844,92.37608160136298
300,452905,434237,489305,348,41373,1218,204896,17115,Assam,Kokrajhar,26.497246635730868,90.13997470997688
302,513292,494891,563577,348,78641,1364,228610,39504,Assam,Goalpara,26.017277777777807,90.59869891598912
303,867004,826618,897058,348,84804,2078,447189,52192,Assam,Barpeta,26.427872264631056,90.97912010178116
305,1439112,1384656,1710716,348,195631,5121,674999,124186,Assam,Nagaon,26.26462170626351,92.9306191144708
306,983904,940206,1108572,348,133368,4358,483325,64528,Assam,Sonitpur,26.73514926829268,92.85197804878044
307,529674,512463,683486,348,60296,1948,293239,34694,Assam,Lakhimpur,27.14128805970149,94.0775949253732
308,351249,334884,423028,348,28195,1192,211758,16504,Assam,Dhemaji,27.586533438485816,94.71336908517353
309,680231,647698,798322,348,161718,5135,290704,90910,Assam,Tinsukia,27.53549291139241,95.69055949367085
310,676434,649901,884531,348,136685,8817,299852,77163,Assam,Dibrugarh,27.30612284482757,95.0998282327587
312,556805,535451,794929,348,122063,5651,286330,80824,Assam,Jorhat,26.76244824016563,94.30197722567289
313,543161,523727,721764,348,82345,3073,292893,34190,Assam,Golaghat,26.377219709794485,93.82583397823468
314,490167,466146,557214,348,53918,1923,215691,37185,Assam,Karbi Anglong,26.08966454598031,93.11536570271832
316,886284,850333,1174128,348,140205,5316,346227,88933,Assam,Cachar,24.815570668693017,92.86849650455927
317,625864,602822,795297,348,70951,1933,261945,32695,Assam,Karimganj,24.69660712250711,92.3679498575498
318,337890,321406,407366,348,44143,1211,159215,16202,Assam,Hailakandi,24.457496089385486,92.59154664804475
319,375818,362986,434078,348,49866,2523,181923,38470,Assam,Bongaigaon,26.45012521994133,90.6734296187684
321,778461,739081,995319,348,122191,3109,390596,43849,Assam,Kamrup,26.170939452054807,91.58863273972592
323,396006,375633,531771,348,68313,1631,210706,28238,Assam,Nalbari,26.46323767605632,91.40598521126763
325,475273,453227,487039,348,45444,1166,268517,20189,Assam,Darrang,26.58463215962442,92.04141338028155
327,937259,909564,1315585,3146,297176,10943,303284,215675,West Bengal,Darjiling,26.839619571045585,88.33145067024122
328,1983064,1889782,2498780,5160,382500,9322,798378,319426,West Bengal,Jalpaiguri,26.62642031250004,89.04154375000003
330,1551066,1456068,1489667,3214,199307,2883,683981,94269,West Bengal,Uttar Dinajpur,26.044619165196977,88.23595232216337
331,857199,819077,1083685,2039,168069,2518,390949,70077,West Bengal,Dakshin Dinajpur,25.342094363021435,88.69821679819614
332,2051541,1937304,2086432,4191,297716,5357,830318,128678,West Bengal,Maldah,25.08026802575105,88.17191684549356
333,3627564,3476243,4055834,8088,541169,7951,1501066,350899,West Bengal,Murshidabad,24.25950655391121,88.16816860465121
334,1790920,1711484,2158447,3911,333752,5210,831044,134565,West Bengal,Birbhum,24.06389342723,87.65153089201888
335,3966889,3750674,5247208,13547,1049943,32323,1364868,862368,West Bengal,Barddhaman,23.444453888888884,87.8150581111111
336,2653768,2513832,3480555,7048,623729,12787,1081381,468390,West Bengal,Nadia,23.56410971055088,88.58293034547152
338,2814653,2704492,4078388,9450,965258,31725,992085,647953,West Bengal,Hugli,22.87929264705881,88.00010264705891
339,1838095,1758579,2232992,3959,334670,4273,900515,90885,West Bengal,Bankura,23.081280892857155,87.12640053571437
340,1496996,1433119,1624905,3309,189889,3551,653219,99433,West Bengal,Puruliya,23.254192328767108,86.3968532876713
341,2500819,2349210,3605206,9414,796953,30751,483384,869313,West Bengal,Haora,22.401674174428507,87.99421176968654
342,2356766,2139928,3588137,16375,927602,136618,0,1308106,West Bengal,Kolkata,22.550581481481483,88.3527648148148
346,683575,639209,653476,1017,29373,565,272872,19180,Jharkhand,Garhwa,24.082114689265527,83.68664265536722
347,533935,508951,510061,817,27037,590,200974,14528,Jharkhand,Chatra,24.11619945750453,84.93295804701627
349,1258098,1187376,1253475,2384,125431,1944,452564,46886,Jharkhand,Giridih,24.30578509874329,86.08710915619386
350,775022,717051,793538,1267,130193,1944,257373,64337,Jharkhand,Deoghar,24.33070100755672,86.75697632241814
351,677927,635624,604519,1057,43230,874,276454,15576,Jharkhand,Godda,24.8189,87.2941735483871
352,589391,561176,483263,954,34879,591,223450,37543,Jharkhand,Sahibganj,24.93667989690721,87.68264097938142
353,452661,447761,352881,691,31414,328,200588,16587,Jharkhand,Pakur,24.57260428082189,87.69691969178076
354,1405956,1278531,1722204,3954,427173,11568,258764,405455,Jharkhand,Dhanbad,23.854509090909097,86.40372924901185
355,1072807,989523,1273520,3604,274726,9754,250312,258452,Jharkhand,Bokaro,23.6814965034965,85.98398374125864
356,232629,229161,259707,388,28769,351,96759,14725,Jharkhand,Lohardaga,23.488796043165483,84.6605169064748
358,1006302,933567,1024563,1515,68238,2155,355529,52375,Jharkhand,Palamu,24.196925968109337,84.20310842824594
359,369666,357312,350682,547,38194,340,146377,14137,Jharkhand,Latehar,23.72511185840708,84.48298743362837
362,668514,652928,672409,1323,62110,1193,303697,23281,Jharkhand,Dumka,24.275006125574265,87.27662450229711
363,404830,386212,426312,540,49419,808,165555,20113,Jharkhand,Jamtara,23.97873318077801,86.95325080091534
364,1494937,1419316,1911433,3805,350908,22538,420740,310242,Jharkhand,Ranchi,23.184235061391547,85.31781937244203
366,514390,510823,559720,849,31687,831,216629,16445,Jharkhand,Gumla,23.078532948929148,84.55056787479396
367,300309,299269,343483,496,16865,423,144169,11114,Jharkhand,Simdega,22.608760391198054,84.59193691931536
371,296690,282815,405879,870,81433,2498,103224,73962,Orissa,Jharsuguda,21.827058566978184,83.93581682242987
372,526877,514222,703691,1548,126498,5231,220697,94798,Orissa,Sambalpur,21.515752380952385,84.34958483245157
374,1061147,1032290,1342322,3130,223537,12787,387911,230151,Orissa,Sundargarh,22.06354819277107,84.50524819277099
376,1256213,1263525,1369397,2747,140189,2950,689110,64479,Orissa,Mayurbhanj,21.897621545157754,86.4030408052231
377,1185787,1134742,1621232,2664,296834,7370,601154,82440,Orissa,Baleshwar,21.48570932311624,87.08085828011933
378,760260,746077,1094140,1711,164636,2637,373862,54244,Orissa,Bhadrak,20.95262735257214,86.81496204516931
379,717814,722547,1089265,1540,173107,1628,414749,23494,Orissa,Kendrapara,20.606319815982264,86.83763247572003
381,1352760,1271710,2011469,3852,349587,15046,579529,210768,Orissa,Cuttack,20.407640646029623,85.7776810228802
383,612593,580218,829910,1334,117172,1810,315390,36979,Orissa,Dhenkanal,20.79887159353349,85.53226836027711
385,502636,460153,688362,984,124984,1163,261646,26688,Orissa,Nayagarh,20.192895622119817,85.05614700460825
386,1167137,1084536,1749936,4186,349860,35701,331834,356895,Orissa,Khordha,20.054162322274863,85.52234834123229
387,865380,833350,1291939,2027,201605,3416,402014,72210,Orissa,Puri,19.83509174603177,85.86698989898981
388,1779218,1749813,2210050,4377,405298,9049,795476,219918,Orissa,Ganjam,19.2632617564534,84.80297710437702
389,282882,294935,262537,617,63112,635,152095,23050,Orissa,Gajapati,19.121080882352945,84.14015091911759
390,359945,373165,399786,739,28736,768,218446,24489,Orissa,Kandhamal,20.092878624813142,84.02216352765326
394,301962,308420,299383,205,43976,757,197258,11869,Orissa,Nuapada,20.471309512195116,82.59152536585364
395,787101,789768,802036,1562,91171,1953,456336,38412,Orissa,Kalahandi,19.784253092783523,83.1124043814433
396,471960,495951,407735,1074,61543,1553,237343,49205,Orissa,Rayagada,19.292840020060204,83.45860120361095
398,678809,700838,568090,1519,85766,3988,381789,78339,Orissa,Koraput,18.82627794779476,82.81278469846964
399,303624,309568,244706,564,24604,448,167884,15839,Orissa,Malkangiri,18.25227930367506,81.98293636363628
400,334737,324180,397823,852,80023,1667,121852,59763,Chhattisgarh,Koriya,23.50412776859501,82.12515636363635
401,1193129,1166757,1187941,2462,253131,2737,525596,65167,Chhattisgarh,Surguja,23.32719278728607,83.23582493887531
402,424747,426922,495415,856,76783,567,205670,20722,Chhattisgarh,Jashpur,22.77286167664669,83.8703962075848
403,750278,743706,951639,1575,297308,3342,354278,66638,Chhattisgarh,Raigarh,22.008265068493166,83.27797698630134
403,750278,743706,951639,1575,297308,3342,354278,66638,Maharashtra,Raigarh,18.453257637845976,73.0090609418579
520,1344345,1289855,1939994,6097,547206,38570,581868,377160,Chhattisgarh,Raigarh,22.008265068493166,83.27797698630134
520,1344345,1289855,1939994,6097,547206,38570,581868,377160,Maharashtra,Raigarh,18.453257637845976,73.0090609418579
404,612915,593725,748759,1565,202380,4544,206598,126055,Chhattisgarh,Korba,22.491712499999995,82.57604326923074
409,1682101,1661771,2303378,4209,614109,16141,533448,349741,Chhattisgarh,Durg,21.194463849287164,81.33181639511197
410,2048186,2015686,2629749,4561,728556,20261,673499,395001,Chhattisgarh,Raipur,20.88603153846152,82.20032759615388
411,511967,520787,637963,964,212487,961,274793,35774,Chhattisgarh,Mahasamund,21.223727037773354,82.65925427435384
412,397897,401884,546833,782,148926,1016,168689,41792,Chhattisgarh,Dhamtari,20.554912627291245,81.7569195519348
414,698487,714712,650863,1529,157646,1782,316425,54894,Chhattisgarh,Bastar,19.393866751269048,81.52895126903546
417,128663,126567,86919,1387,12516,117,50449,7942,Karnataka,Bijapur,16.84015316666667,75.95909166666665
557,1111022,1066309,1248268,2938,326594,4987,396449,131041,Karnataka,Bijapur,16.84015316666667,75.95909166666665
418,361784,326077,328025,693,74770,273,150146,26376,Madhya Pradesh,Sheopur,25.78014810996563,77.16911116838484
419,1068417,897553,1179685,1924,131486,1781,319298,95288,Madhya Pradesh,Morena,26.37313504531724,77.88447341389724
420,926843,776162,1094917,1786,107819,1166,271211,88385,Madhya Pradesh,Bhind,26.35951126187245,78.7618324287653
421,1090327,941709,1357210,2830,306859,15779,172720,272172,Madhya Pradesh,Gwalior,26.04074441964285,78.12782433035713
422,420157,366597,491445,951,97696,616,160453,43401,Madhya Pradesh,Datia,25.90226439560441,78.63916571428574
423,919795,806255,900846,1827,148128,1852,367859,66759,Madhya Pradesh,Shivpuri,25.37802451874367,77.74861600810549
424,760355,684811,747940,1591,132725,1090,322772,60220,Madhya Pradesh,Tikamgarh,25.14099852104666,78.89357064846428
425,936121,826254,943033,1947,176056,1880,375869,95048,Madhya Pradesh,Chhatarpur,24.813637376460004,79.56449299191374
426,533480,483040,552559,1034,76097,653,256744,32179,Madhya Pradesh,Panna,24.451325840092657,80.21133001158752
427,1256257,1122201,1545719,2771,366494,4546,448408,165507,Madhya Pradesh,Sagar,23.800318709677374,78.71940357771273
428,661873,602346,747715,1359,187731,1432,303387,66514,Madhya Pradesh,Damoh,23.76624407960196,79.47049303482588
429,1157495,1071440,1371781,2641,294702,3754,461831,114173,Madhya Pradesh,Satna,24.62777621776502,80.75547048710598
430,1225100,1140006,1441757,2756,251132,3406,523910,94489,Madhya Pradesh,Rewa,24.861184625158856,81.57572465057183
431,330674,314084,356672,692,67975,839,138100,29966,Madhya Pradesh,Umaria,23.59601063063061,80.90879477477475
432,422653,403414,508834,1026,145258,1945,174235,67962,Madhya Pradesh,Neemuch,24.70311893333336,75.06608186666664
433,682851,657560,834591,1475,239885,2324,302287,81832,Madhya Pradesh,Mandsaur,24.19278764044944,75.43588667736759
434,738241,716828,825880,1700,213825,3644,266716,107151,Madhya Pradesh,Ratlam,23.503562290502792,75.14895782122909
435,1016289,970575,1240990,2599,323379,7501,300765,188684,Madhya Pradesh,Ujjain,23.319288862745065,75.80383717647058
436,780520,732161,894612,1647,232735,1382,312611,73997,Madhya Pradesh,Shajapur,23.566620317220547,76.33555181268885
437,805359,758356,925369,1899,270457,3518,274995,101014,Madhya Pradesh,Dewas,22.7851110021322,76.46088805970157
438,1112725,1073068,1077338,2470,349639,2388,412348,103364,Madhya Pradesh,Dhar,22.572681718963157,75.1105620736698
439,1699627,1577070,2309130,5783,593576,48691,200371,587947,Madhya Pradesh,Indore,22.680265752128648,75.9133801324502
441,699340,686541,549926,1336,181139,1158,250358,48912,Madhya Pradesh,Barwani,21.702135714285724,74.91004719710673
442,790212,755602,804245,1629,231130,1611,331894,69823,Madhya Pradesh,Rajgarh,23.785499026425583,76.66431223922116
443,769568,689307,862918,1583,181510,1926,292579,83830,Madhya Pradesh,Vidisha,23.82838307984792,77.9013507604563
444,1236130,1134931,1660690,4298,452912,40788,118893,581826,Madhya Pradesh,Bhopal,23.480726143790854,77.39246623093679
445,683743,627589,780362,1442,212138,1566,270427,59220,Madhya Pradesh,Sehore,22.9297199679658,77.06780202883085
446,700358,631239,820220,1460,194373,1141,251272,74441,Madhya Pradesh,Raisen,23.292518206521724,78.16305495923909
447,799236,776126,939769,1845,230974,2109,318945,87704,Madhya Pradesh,Betul,21.964626315789477,77.7873428189117
448,294838,275627,352550,619,95066,986,112714,31845,Madhya Pradesh,Harda,22.227659781121783,77.07022571819435
449,648725,592625,810644,1535,198076,2871,209650,105746,Madhya Pradesh,Hoshangabad,22.595268801996703,78.02168094841929
450,662013,630029,790773,1476,172416,2179,276151,72880,Madhya Pradesh,Katni,23.724416229116937,80.33819665871127
451,1277278,1186011,1756468,3776,452023,20443,272284,352477,Madhya Pradesh,Jabalpur,23.18525572327043,79.98328754716981
453,351913,352611,378714,652,62372,554,218021,9774,Madhya Pradesh,Dindori,22.83738437047757,81.04332966714911
454,525272,529633,604962,1043,143803,912,279674,37258,Madhya Pradesh,Mandla,22.70348712446353,80.38600543633753
455,1064468,1026454,1294198,2513,344875,3588,413142,140802,Madhya Pradesh,Chhindwara,22.227966971713823,78.76413136439254
456,695879,683252,864194,1369,228695,1182,335045,47542,Madhya Pradesh,Seoni,22.33230487804874,79.66053863928111
457,842178,859520,1147623,1709,277927,1712,400074,70793,Madhya Pradesh,Balaghat,21.80020720640569,80.42170053380796
458,649362,592157,653980,1302,144248,2482,212765,72320,Madhya Pradesh,Guna,24.49043927178156,77.2235895968791
459,443837,401234,469109,861,84720,619,169606,37135,Madhya Pradesh,Ashoknagar,24.63098846153845,77.82974493927134
460,540021,526042,604194,1302,113184,1733,233594,57846,Madhya Pradesh,Shahdol,23.44859864559819,81.4596831828442
461,379114,370123,436595,787,81338,1290,147388,60325,Madhya Pradesh,Anuppur,23.18184220430107,81.86560000000007
462,575912,551121,600785,3019,102228,837,250953,25916,Madhya Pradesh,Sidhi,24.17547189952905,82.1053783359498
464,515023,510025,352081,1612,125411,744,211080,24713,Madhya Pradesh,Jhabua,22.419578015397768,74.40921616766468
467,388504,369343,408679,989,112420,986,115979,62861,Madhya Pradesh,Burhanpur,21.364567254408065,76.24460478589425
468,1096737,995634,1252319,4146,403294,9631,488293,250982,Gujarat,Kachchh,23.48057203301311,68.82192301497916
469,1610379,1510127,1704923,4242,396873,3424,666773,137424,Gujarat,Banas Kantha,24.258538965517253,71.93205252873561
470,694397,649337,837913,2199,223424,2231,301483,102655,Gujarat,Patan,23.80634198473284,71.75162977099237
471,1056520,978544,1502645,3648,385609,7759,476005,183738,Gujarat,Mahesana,23.529355452865065,72.45545194085031
472,1244231,1184358,1578734,3934,438606,5262,544024,121509,Gujarat,Sabar Kantha,23.71803594548552,73.13638790459964
473,723864,667889,1030494,6016,262539,12107,237624,195634,Gujarat,Gandhinagar,23.193679790026252,72.67221679790026
474,3788051,3426174,5435760,18633,1456046,126341,353169,1845383,Gujarat,Ahmadabad,22.605425564971743,72.23898135593227
475,909917,846351,1093626,3227,302068,2975,340788,159810,Gujarat,Surendranagar,22.82672007299272,71.48358740875906
476,1974445,1830113,2725056,8498,747352,21785,459474,721532,Gujarat,Rajkot,22.40603377715488,70.83679439383323
477,1114192,1045927,1396534,5028,386538,11573,347158,299167,Gujarat,Jamnagar,22.410600414263328,69.62062005768233
478,300209,285240,393678,1463,117040,1653,96015,87557,Gujarat,Porbandar,21.55092351651571,69.71896987722886
479,1404356,1338726,1842818,5549,498326,6628,489237,287506,Daman and Diu,Junagadh,20.72568199498111,70.83985639899612
479,1404356,1338726,1842818,5549,498326,6628,489237,287506,Gujarat,Junagadh,20.929523011609785,70.54733890140345
480,771049,743141,995459,2825,273331,2538,313714,116899,Gujarat,Amreli,21.04832649310872,71.43457637825426
481,1490201,1390164,1887255,5434,500757,7297,387251,356826,Gujarat,Bhavnagar,21.70219390341736,72.16272632761141
482,1087224,1005521,1551253,4372,378310,9902,413078,208909,Gujarat,Anand,22.282718206229863,72.57782051557454
483,1185727,1114158,1660243,4252,372226,5710,461479,160547,Gujarat,Kheda,22.88765312500002,73.018803515625
484,1226961,1163815,1440805,3981,398937,3456,463363,104238,Gujarat,Panch Mahals,22.80435606837605,73.61984598290586
486,2153736,2011890,2893080,9753,798277,53606,547454,692971,Gujarat,Vadodara,22.26133739279589,73.49433010291594
487,301086,289211,370336,979,101940,576,138121,22248,Gujarat,Narmada,21.70666386292833,73.68403208722742
488,805707,745312,1118276,3242,309091,10257,300677,181319,Gujarat,Bharuch,21.75787276237761,72.67326346710801
489,113821,114470,140968,325,29794,137,52102,7516,Gujarat,The Dangs,20.801633877551023,73.6883518367347
490,678165,651507,1001909,3256,267679,6726,267739,141417,Gujarat,Navsari,20.866973318871995,72.86184869848157
491,887222,818456,1170657,3316,329218,11020,262410,235981,Gujarat,Valsad,20.44238231644259,72.9148584798345
492,3402224,2679098,4571410,16368,1252452,55694,369840,1529998,Gujarat,Surat,21.25761372772093,72.93488716344339
495,124659,66514,150348,34145,49249,1316,10006,61073,Daman and Diu,Daman,20.431616666666677,72.8392366071429
497,833170,815125,906509,2446,186202,2579,333440,71572,Maharashtra,Nandurbar,21.523175625248147,74.32638757443429
498,1054031,996831,1293916,3583,315332,6065,382777,146013,Maharashtra,Dhule,21.274018690400517,74.58719071837263
499,2197365,2032552,2891882,7988,720791,14297,796223,373565,Maharashtra,Jalgaon,20.8828943415638,75.55140421810695
500,1337560,1248698,1879874,4421,423036,4767,575405,152787,Maharashtra,Buldana,20.56680611183355,76.39017880364096
501,932334,881572,1411281,3948,314490,6163,308158,196077,Maharashtra,Akola,20.746310479041902,77.12122320359276
502,620302,576858,869917,1942,196022,1875,274925,55921,Maharashtra,Washim,20.282282394366213,77.25502394366208
503,1480768,1407677,2251875,6236,512492,9438,508921,272894,Maharashtra,Amravati,21.16520991810736,77.67583503184723
504,668385,632389,1019458,2754,266155,4313,268486,120218,Maharashtra,Wardha,20.80743024390242,78.57259105691062
505,2384975,2268595,3673808,14073,917626,57964,430844,877522,Maharashtra,Nagpur,21.196556862745105,79.02166176470584
506,605520,594814,899860,2237,227025,2932,283843,72575,Maharashtra,Bhandara,21.211792649727748,80.10950199637024
507,661554,660953,1004243,2183,239981,2866,319702,66813,Maharashtra,Gondiya,21.225008411214997,80.17522698598128
509,1123834,1080473,1578615,5085,418666,8239,451324,233331,Maharashtra,Chandrapur,20.095609090909075,79.31556380471388
510,1419965,1352383,2022574,4937,446516,6094,629243,168889,Maharashtra,Yavatmal,20.04258346738159,78.05326371760479
511,1730075,1631217,2189425,6214,488748,7548,591119,230563,Maharashtra,Nanded,19.209316983017,77.6829048951049
512,606294,571051,790743,1853,159114,1221,242456,41913,Maharashtra,Hingoli,19.59525302245251,77.09239412780653
513,942870,893216,1157814,3410,272486,3982,293480,133759,Maharashtra,Parbhani,19.31032425249168,76.70163338870431
514,1011473,947573,1195523,3363,288895,3791,404746,98084,Maharashtra,Jalna,19.984612534818933,75.98473607242339
516,3157186,2950001,4345366,13629,904710,45039,904661,764271,Maharashtra,Nashik,20.266912871287143,74.03824168316828
517,5865078,5195070,8227161,35118,2231800,256170,713994,2904157,Maharashtra,Thane,19.698767747440264,72.79882742564581
521,4924105,4505303,7171723,27223,1925019,235018,1165718,2056739,Maharashtra,Pune,18.51696171428573,74.12922881632647
523,1349106,1235943,1718507,4179,402052,5614,563114,135457,Maharashtra,Bid,18.952353340080982,75.69319706477731
524,1273140,1181056,1650672,4574,381722,6217,428616,157016,Maharashtra,Latur,18.348687268993856,76.75812607802874
525,861535,796041,1137810,2786,240042,3209,367158,77832,Maharashtra,Osmanabad,18.19459456066944,75.99495575313809
526,2227852,2089904,2910676,8995,595560,15145,779929,376302,Maharashtra,Solapur,17.837357937584812,75.42394823609216
527,1510842,1492899,2225694,5649,562653,14093,774522,200949,Maharashtra,Satara,17.6737908974359,74.18052064102558
528,761121,853948,1199392,3484,367352,7752,538538,100824,Maharashtra,Ratnagiri,17.210195070127703,73.25725893866404
529,417332,432319,666067,1749,194228,3517,295847,44989,Maharashtra,Sindhudurg,16.170948049777163,73.51329008172343
530,1980658,1895343,2825845,8464,770005,22269,796496,382818,Maharashtra,Kolhapur,16.44881301587301,74.12897150793648
531,1435728,1386415,2049467,5798,485126,13212,626872,226801,Maharashtra,Sangli,17.154930181086502,74.70713822937628
532,1369597,1371642,1483347,4181,566108,5512,597466,220248,Andhra Pradesh,Adilabad,19.284513950073435,78.81321233480176
533,1250641,1300694,1389810,3458,545913,5261,565165,155133,Andhra Pradesh,Nizamabad,18.429485849056604,78.07523490566035
534,1880800,1895469,2206829,5251,926768,8831,877236,288044,Andhra Pradesh,Karimnagar,18.515483193277312,79.43765428571413
535,1523030,1510258,1637137,3874,604719,8635,593653,195479,Andhra Pradesh,Medak,17.889304978038055,78.13778901903379
536,2018575,1924748,2892155,11071,869721,149034,0,1066289,Andhra Pradesh,Hyderabad,17.38971555555556,78.46668888888888
538,2050386,2002642,1940646,4695,757821,6153,848963,161052,Andhra Pradesh,Mahbubnagar,16.639546224256293,77.98933089244859
539,1759772,1729037,2001019,4468,789225,7715,833504,197433,Andhra Pradesh,Nalgonda,17.113250515463907,79.16984453608244
540,1759281,1753295,2065023,4762,828077,12952,758738,288249,Andhra Pradesh,Warangal,18.01752608695651,79.87422028985509
541,1390988,1406382,1630234,3836,668519,8628,669262,201363,Andhra Pradesh,Khammam,17.683921325051784,80.67008643892335
542,1341738,1361376,1495381,3301,615432,3988,752752,149684,Andhra Pradesh,Srikakulam,18.570900998697432,84.25874814010675
543,1161477,1182997,1238388,3103,527736,4453,592458,157056,Andhra Pradesh,Vizianagaram,18.28329696032972,83.45982854198873
545,2569688,2584608,3288577,7211,1297273,22411,1199479,406362,Andhra Pradesh,East Godavari,16.782718320784902,82.2432074720511
546,1964918,1972048,2652389,5485,1017568,12050,1007255,248373,Andhra Pradesh,West Godavari,16.63297943925236,81.45912990654196
547,2267375,2250023,3009718,6983,1163932,30438,909292,567042,Andhra Pradesh,Krishna,16.143872753151673,81.14805061000413
548,2440521,2447292,2960441,6981,1186028,19383,1069877,513113,Andhra Pradesh,Guntur,15.884925767634847,80.58657614107885
549,1714764,1682684,1904435,4304,763746,6151,873486,214089,Andhra Pradesh,Prakasam,15.489039001601704,80.11665790176184
552,2039227,2014236,2127161,5301,816721,10081,783853,306982,Andhra Pradesh,Kurnool,15.43759715142429,77.90086836581717
553,2064495,2016653,2310960,5799,897970,8606,902997,341431,Andhra Pradesh,Anantapur,14.312065561843148,77.4601584478577
554,2090204,2083860,2667878,5926,944555,13763,907970,395900,Andhra Pradesh,Chittoor,13.33109263067696,78.92763898886037
555,2423063,2356598,3052032,7045,808827,17560,962777,356198,Karnataka,Belgaum,16.16107219152853,74.72329042357275
556,950111,939641,1113412,2890,301389,3745,324799,165858,Karnataka,Bagalkot,16.15860676328503,75.64526070853468
558,870665,832635,1042673,2448,271439,3971,287134,102269,Karnataka,Bidar,17.950361730769224,77.19459961538459
559,964511,964301,979769,2672,314547,5200,330446,125402,Karnataka,Raichur,16.050795353982295,76.87368606194688
560,699926,689994,809085,1889,223166,2135,272968,64681,Karnataka,Koppal,15.651253271028034,76.1617048598131
561,537147,527423,700177,1699,198064,3373,180066,111906,Karnataka,Gadag,15.507128256880746,75.64861302752298
562,937206,909817,1301664,3519,347962,15013,199707,283397,Karnataka,Dharwad,15.343831376975173,75.13831264108359
564,819128,778540,1085443,2240,295937,2456,315076,98488,Karnataka,Haveri,14.737582809224318,75.3961230607966
565,1236954,1215641,1421621,3886,440374,9626,371604,251876,Karnataka,Bellary,15.074377548209377,76.47228471074374
566,840843,818613,1087392,2374,307257,5711,349704,97644,Karnataka,Chitradurga,14.29102220394736,76.57821957236843
567,986400,959097,1308540,3062,372671,7320,354680,176011,Karnataka,Davanagere,14.330414586709884,75.91723841166937
568,877415,875338,1263016,3119,363835,8791,352444,201662,Karnataka,Shimoga,14.063845885634592,75.17882078103197
569,562131,615230,926429,2100,224814,9070,269817,115572,Karnataka,Udupi,13.450404228534568,74.72009990316337
570,566622,571339,818345,1996,238505,4510,311660,80766,Karnataka,Chikmagalur,13.425288289676422,75.67626502311249
571,1350594,1328386,1813391,4067,562769,7971,685443,204799,Karnataka,Tumkur,13.592467760074973,77.02297966260545
573,905085,900684,1149649,2628,391033,3367,458867,103435,Karnataka,Mandya,12.574901806239744,76.81570098522172
574,883667,892754,1225256,2743,400702,4851,496103,132878,Karnataka,Hassan,12.945098749999998,76.11049549999997
576,274608,279911,412877,942,113931,3308,181182,31792,Karnataka,Kodagu,12.39684468085106,75.79336595744688
577,1511600,1489527,1962180,4995,640868,28397,540596,380386,Karnataka,Mysore,12.248100259403367,76.52881802853437
579,1301755,1264571,1427368,5378,404767,9752,400704,199303,Karnataka,Gulbarga,17.070459515951594,76.87503850385033
581,776396,760005,1016219,3389,309494,5051,326567,151042,Karnataka,Kolar,13.312799881235172,78.01376947743476
583,509172,481751,688749,1422,214253,3729,231052,95410,Karnataka,Bangalore Rural,12.936827087794448,77.47369314775169
585,416677,401331,663060,2078,173951,23440,115859,209230,Goa,North Goa,15.548723418714054,73.80667997909038
586,322463,318074,502427,1646,138810,17624,88620,162873,Goa,South Goa,15.195278658183785,73.941792596877
588,628613,678762,1037492,1988,237670,10378,251641,166164,Kerala,Kasaragod,12.33310309912974,75.07768497134369
589,1181446,1341557,2138434,4432,511167,32653,306288,566191,Kerala,Kannur,11.941523076923056,75.35209891725934
590,401684,415736,645585,1095,149864,4712,266183,11805,Kerala,Wayanad,11.715277464788736,76.07587007042254
591,1470942,1615351,2615443,4594,641660,36791,323793,666543,Kerala,Kozhikode,11.392924270557026,75.71158720159153
592,1960328,2152592,3311315,4838,730119,27909,634543,522586,Kerala,Malappuram,10.97329875666072,75.93910775606876
593,1359478,1450456,2239492,3929,587583,27162,665899,228442,Kerala,Palakkad,10.784926903553291,76.49980490693744
594,1480763,1640437,2678548,5612,721625,56148,336748,715119,Kerala,Thrissur,10.458932647907687,76.12321940836945
595,1619557,1662831,2855676,6274,771287,88737,369694,804997,Kerala,Ernakulam,10.004879301987431,76.26957729035381
596,552808,556166,923010,1374,244844,8250,391610,20823,Kerala,Idukki,9.80480963855423,77.04586641566264
597,968289,1006262,1749798,3071,464039,37849,481967,196194,Kerala,Kottayam,9.643701174068417,76.46059673302705
598,1013142,1114647,1852797,3368,507913,28842,331419,392117,Kerala,Alappuzha,9.542602965599087,76.38010796263319
600,1246968,1388407,2240273,3910,630767,31542,523715,401415,Kerala,Kollam,8.929388820570157,76.6360775852431
601,1581678,1719749,2785408,5770,783872,71621,559293,609824,Kerala,Thiruvananthapuram,8.537101759082221,76.88711502868073
602,1876062,1852042,2791721,7731,909400,75634,387237,732196,Tamil Nadu,Thiruvallur,13.275858101752885,80.19724702864492
603,2335844,2310888,3776276,15742,1096334,217368,0,1314125,Tamil Nadu,Chennai,13.058098905608748,80.28139151846806
604,2012958,1985294,3013382,8349,961161,100322,438799,774705,Tamil Nadu,Kancheepuram,12.496424756511884,80.08820360135913
605,1961688,1974643,2773928,8092,865913,20623,653499,486801,Tamil Nadu,Vellore,12.784882632293078,79.02643283582084
606,1235889,1228986,1626813,4189,549077,6445,563102,147061,Tamil Nadu,Tiruvannamalai,12.419318947368414,79.23265631578953
608,1781571,1700485,2285562,8169,835377,20660,572813,597539,Tamil Nadu,Salem,11.629324202127655,78.2478257978723
609,869280,857321,1176131,3824,441044,8960,370357,257127,Tamil Nadu,Namakkal,11.33766638477801,78.14624841437633
610,1129868,1121876,1492662,7719,595211,18604,411286,432398,Tamil Nadu,Erode,11.267012155963302,77.42034334862392
612,1080938,1078837,1481834,4682,500057,9155,443818,269724,Tamil Nadu,Dindigul,10.377801390820574,77.78011279554937
613,528184,536309,727044,2151,264949,4915,212241,152420,Tamil Nadu,Karur,10.79532776617955,78.08749686847604
615,282157,283066,375823,979,135751,1507,155413,33179,Tamil Nadu,Perambalur,11.260137758112096,78.86034011799416
616,374703,380191,480604,1258,177502,1749,223955,30322,Tamil Nadu,Ariyalur,11.190514836795256,79.22249643916912
617,1311697,1294217,1815281,5300,598412,15396,497429,260780,Tamil Nadu,Cuddalore,11.57587300613498,79.63002365371497
618,798127,818323,1213008,3026,381940,5585,399016,118724,Tamil Nadu,Nagapattinam,10.789468161718286,79.79437299431483
619,626693,637584,946471,2272,303114,4416,321331,86848,Tamil Nadu,Thiruvarur,10.368927409395978,79.60322893959727
620,1182416,1223474,1790998,4914,555582,13495,479070,274302,Tamil Nadu,Thanjavur,10.387692255892237,79.3194869107745
621,803188,815157,1110545,2812,354493,4494,399712,104229,Tamil Nadu,Pudukkottai,10.130514816433578,79.05444484265728
622,668672,670429,959744,2456,314270,5773,309224,143193,Tamil Nadu,Sivaganga,9.960306580645158,78.56535729032255
623,1526475,1511777,2273430,6917,754141,34097,417718,592723,Tamil Nadu,Madurai,9.904313833333331,78.01366033333332
624,625683,620216,870080,2642,312310,4667,189328,221295,Tamil Nadu,Theni,9.924066666666668,77.43458833333332
625,967709,974579,1398788,4300,505950,10219,363782,370942,Tamil Nadu,Virudhunagar,9.468872195892564,77.87641469194315
626,682658,670787,978946,2340,291400,5172,290478,126761,Tamil Nadu,Ramanathapuram,9.31286995153476,78.99185362412462
629,926345,944029,1548738,4377,465692,15673,104253,493788,Tamil Nadu,Kanniyakumari,8.183466300191206,77.32053064053538
630,774303,732540,917709,2364,337972,3651,396819,91107,Tamil Nadu,Dharmapuri,12.300141200000006,78.11509813333339
632,1729297,1728748,2635907,13938,896325,63273,284795,884957,Tamil Nadu,Coimbatore,10.871376995940452,77.07619012178621
634,27301,28325,39274,10027,12859,207,0,15519,Puducherry,Yanam,16.707695652173904,82.26187304347832
636,19143,22673,36470,10027,7150,574,0,12110,Puducherry,Mahe,12.006420793787758,75.28275021570326
637,97809,102413,154916,4890,47880,1868,35618,33715,Puducherry,Karaikal,10.876161726078813,79.82369793621002
